<?xml version="1.0" encoding="UTF-8"?>
<project-private xmlns="http://www.netbeans.org/ns/project-private/1">
    <editor-bookmarks xmlns="http://www.netbeans.org/ns/editor-bookmarks/1"/>
    <editor-bookmarks xmlns="http://www.netbeans.org/ns/editor-bookmarks/2" lastBookmarkId="0"/>
    <open-files xmlns="http://www.netbeans.org/ns/projectui-open-files/2">
        <group>
            <file>file:/C:/Users/lattanze/Documents/campus%20files/Architectures%202014/2014%20Assignments/A2-2014/A2-2014%20Source/LeafTech/Inventory%20Manager/src/InventoryManagerFrame.java</file>
        </group>
    </open-files>
</project-private>
